,child_mort,exports,health,imports,income,inflation,life_expec,total_fer,gdpp
child_mort,1.0,-0.318,-0.2,-0.127,-0.524,0.288,-0.887,0.848,-0.483
exports,-0.318,1.0,-0.114,0.737,0.517,-0.107,0.316,-0.32,0.419
health,-0.2,-0.114,1.0,0.096,0.13,-0.255,0.211,-0.197,0.346
imports,-0.127,0.737,0.096,1.0,0.122,-0.247,0.054,-0.159,0.115
income,-0.524,0.517,0.13,0.122,1.0,-0.148,0.612,-0.502,0.896
inflation,0.288,-0.107,-0.255,-0.247,-0.148,1.0,-0.24,0.317,-0.222
life_expec,-0.887,0.316,0.211,0.054,0.612,-0.24,1.0,-0.761,0.6
total_fer,0.848,-0.32,-0.197,-0.159,-0.502,0.317,-0.761,1.0,-0.455
gdpp,-0.483,0.419,0.346,0.115,0.896,-0.222,0.6,-0.455,1.0
