,count,mean,std,min,25%,50%,75%,max
child_mort,167.0,38.27,40.329,2.6,8.25,19.3,62.1,208.0
exports,167.0,41.109,27.412,0.109,23.8,35.0,51.35,200.0
health,167.0,6.816,2.747,1.81,4.92,6.32,8.6,17.9
imports,167.0,46.89,24.21,0.066,30.2,43.3,58.75,174.0
income,167.0,17144.689,19278.068,609.0,3355.0,9960.0,22800.0,125000.0
inflation,167.0,7.782,10.571,-4.21,1.81,5.39,10.75,104.0
life_expec,167.0,70.556,8.893,32.1,65.3,73.1,76.8,82.8
total_fer,167.0,2.948,1.514,1.15,1.795,2.41,3.88,7.49
gdpp,167.0,12964.156,18328.705,231.0,1330.0,4660.0,14050.0,105000.0
